rank,NOM_MUN,zona,burden_score,lst_mean,ndvi_mean,no2_mean,pm25_mean,imn_mean,tasa_respiratoria
1,Cuauhtémoc,Centro,4.666666666666667,38.21880632111323,0.0829622093932204,0.0002540029975077,18.125710982573285,0.9591255552973529,13755.90810830616
2,Azcapotzalco,Norte,5.0,39.0471086418198,0.0886980938940931,0.0002451000221632,20.24292250500429,0.9608654953665885,7740.789071827192
3,Benito Juárez,Centro,6.333333333333333,36.67376014637999,0.0980418123091254,0.0002693352136697,18.633474079286888,0.9723844172814488,2607.836407902283
4,Gustavo A. Madero,Norte,6.833333333333333,36.111657288704414,0.1251489873274833,0.0001910226703961,21.951942510666967,0.9548885680812369,24048.488343950026
5,Iztapalapa,Centro,7.333333333333333,36.5972087736593,0.1048224171087426,0.0001916261379556,20.163659628918747,0.9464832049323948,32362.41581482531
6,Iztacalco,Centro,7.5,38.97277524747861,0.0791616119239728,0.0002363663252131,17.625030337983546,0.9575535307478492,6716.006672020758
7,Venustiano Carranza,Norte,7.666666666666667,40.223841708488735,0.0910465872138825,0.0002254589536468,17.625030337983546,0.9543305597887625,10589.667297809034
8,Nezahualcóyotl,Centro,8.5,38.99929092736741,0.0883772313345806,0.0001619395834451,18.62460855949896,0.9414735599662084,10692.550938217833
9,Miguel Hidalgo,Centro,9.666666666666666,34.49623339449753,0.1555607431127144,0.0002525809405254,17.625030337983546,0.9693073052001592,6335.810525043805
10,Coyoacán,Sur,9.833333333333334,34.60129983063002,0.1380609909417203,0.0002329565317421,17.16581217956734,0.9660900534286012,10317.776783171257
11,Tlalnepantla de Baz,Norte,10.333333333333334,35.49482385346377,0.1437901950410613,0.0001908579810544,19.832297348725103,0.9509750967258452,8794.666111053235
12,Ecatepec de Morelos,Norte,11.333333333333334,36.56654819666614,0.1345364387541521,0.0001352108125878,17.625030337983546,0.9397601328491607,25574.261034214414
13,Álvaro Obregón,Centro,11.666666666666666,28.774592925388863,0.1987809476966119,0.0002014375205333,14.202989269289729,0.957353070960192,15833.050059158188
14,Naucalpan de Juárez,Norte,13.0,30.737310107590545,0.2191479805113818,0.0001815104495909,17.625030337983546,0.9495953913838016,10709.923242031397
15,Coacalco de Berriozábal,Norte,14.166666666666666,32.96084487985314,0.2087887192345783,0.0001128349330991,17.625030337983546,0.9592180963049018,1694.146532762707
16,Tláhuac,Sur,14.833333333333334,31.03926064252,0.2450721927732895,0.0001132824483234,17.625030337983546,0.9497238839040223,7954.099287512892
17,Xochimilco,Sur,15.166666666666666,28.641068393051366,0.2523904035786916,0.0001263672736806,18.104450261780105,0.9404649417799037,9234.811288233814
18,La Magdalena Contreras,Sur,15.5,22.5644935639198,0.2488532831481076,0.0001410464667467,17.625030337983546,0.955255469473647,3355.1382148132516
19,Tlalpan,Sur,15.833333333333334,24.37841907101545,0.2561556533848202,0.0001043514737663,12.81908256880734,0.953456594932575,16096.704083684193
20,Cuajimalpa de Morelos,Sur,16.0,22.963183687194917,0.2473639598555982,0.0001465446052949,17.625030337983546,0.9522001959826879,2433.5440806637366
21,Milpa Alta,Sur,19.833333333333332,22.544592418723948,0.2837973618524865,5.451735696904573e-05,17.37640625,0.9321045460724887,4764.198585968456
