NOM_MUN,n_agebs,imn_mean,imn_std,poblacion,egresos_total,area_verde_total_m2,tasa_respiratoria,CVE_ENT,CVE_MUN,lst_mean,ndvi_mean,no2_mean,pm25_mean,pm10_mean,zona,cluster,burden_score,rank
Azcapotzalco,102,0.9608654953665885,0.010781617753996626,432204.0,33456,6509962.077736859,7740.789071827192,9,2,39.0471086418198,0.0886980938940931,0.0002451000221632,20.24292250500429,38.83171289676866,Norte,0,5.0,2
Benito Juárez,102,0.9723844172814488,0.006144878871031491,434153.0,11322,1265874.9901450109,2607.836407902283,9,14,36.67376014637999,0.0980418123091254,0.0002693352136697,18.633474079286888,33.969505043396666,Centro,0,6.333333333333333,3
Coacalco de Berriozábal,69,0.9592180963049018,0.009256397778757494,293245.0,4968,0.0,1694.146532762707,15,20,32.96084487985314,0.2087887192345783,0.0001128349330991,17.625030337983546,49.08605704492594,Norte,2,14.166666666666666,15
Coyoacán,155,0.9660900534286012,0.011758045195443713,614425.0,63395,11529985.908877239,10317.776783171257,9,3,34.60129983063002,0.1380609909417203,0.0002329565317421,17.16581217956734,34.6548169289609,Sur,0,9.833333333333334,10
Cuajimalpa de Morelos,31,0.9522001959826879,0.012001272665540748,212735.0,5177,2317515.5350198224,2433.5440806637366,9,4,22.963183687194917,0.2473639598555982,0.0001465446052949,17.625030337983546,27.536639182441064,Sur,2,16.0,20
Cuauhtémoc,152,0.9591255552973529,0.014583661308263043,545860.0,75088,12135910.067948703,13755.90810830616,9,15,38.21880632111323,0.0829622093932204,0.0002540029975077,18.125710982573285,34.62269561361579,Centro,0,4.666666666666667,1
Ecatepec de Morelos,391,0.9397601328491607,0.016486325415005065,1643547.0,420325,5581.01700089,25574.261034214414,15,33,36.56654819666614,0.1345364387541521,0.0001352108125878,17.625030337983546,34.6548169289609,Norte,0,11.333333333333334,12
Gustavo A. Madero,300,0.9548885680812369,0.013480841772325437,1165146.0,280200,19145353.426343344,24048.488343950026,9,5,36.111657288704414,0.1251489873274833,0.0001910226703961,21.951942510666967,47.04311699977544,Norte,0,6.833333333333333,4
Iztacalco,107,0.9575535307478492,0.009142651378846239,404675.0,27178,1745333.5666616117,6716.006672020758,9,6,38.97277524747861,0.0791616119239728,0.0002363663252131,17.625030337983546,38.00880724710619,Centro,0,7.5,6
Iztapalapa,452,0.9464832049323948,0.013495281470957772,1835240.0,593928,14281049.523032742,32362.41581482531,9,7,36.5972087736593,0.1048224171087426,0.0001916261379556,20.163659628918747,38.873048374712056,Centro,0,7.333333333333333,5
La Magdalena Contreras,52,0.955255469473647,0.016449693874640802,246428.0,8268,4188616.491492145,3355.1382148132516,9,8,22.5644935639198,0.2488532831481076,0.0001410464667467,17.625030337983546,34.6548169289609,Sur,2,15.5,18
Miguel Hidalgo,116,0.9693073052001592,0.011962116027714893,413775.0,26216,3443447.9103699224,6335.810525043805,9,16,34.49623339449753,0.1555607431127144,0.0002525809405254,17.625030337983546,34.6548169289609,Centro,0,9.666666666666666,9
Milpa Alta,42,0.9321045460724887,0.014109324367477164,128710.0,6132,340435.7244079371,4764.198585968456,9,9,22.544592418723948,0.2837973618524865,5.451735696904573e-05,17.37640625,31.8215625,Sur,2,19.833333333333332,21
Naucalpan de Juárez,201,0.9495953913838016,0.019254200786667165,795748.0,85224,642124.371907507,10709.923242031397,15,57,30.737310107590545,0.2191479805113818,0.0001815104495909,17.625030337983546,26.598359362675502,Norte,2,13.0,14
Nezahualcóyotl,177,0.9414735599662084,0.011226812979058332,1072672.0,114696,2439130.4628607417,10692.550938217833,15,58,38.99929092736741,0.0883772313345806,0.0001619395834451,18.62460855949896,40.92785364596753,Centro,0,8.5,8
Tlalnepantla de Baz,201,0.9509750967258452,0.017319013917911463,671930.0,59094,137972.83002846641,8794.666111053235,15,104,35.49482385346377,0.1437901950410613,0.0001908579810544,19.832297348725103,44.35709755169352,Norte,0,10.333333333333334,11
Tlalpan,202,0.953456594932575,0.02184549706002282,681419.0,109686,30890559.1713298,16096.704083684193,9,12,24.37841907101545,0.2561556533848202,0.0001043514737663,12.81908256880734,19.841834862385323,Sur,1,15.833333333333334,19
Tláhuac,107,0.9497238839040223,0.011425463516588692,382042.0,30388,4168960.6409898647,7954.099287512892,9,11,31.03926064252,0.2450721927732895,0.0001132824483234,17.625030337983546,46.62335711603455,Sur,2,14.833333333333334,16
Venustiano Carranza,145,0.9543305597887625,0.013899424862986256,443640.0,46980,9073716.413631529,10589.667297809034,9,17,40.223841708488735,0.0910465872138825,0.0002254589536468,17.625030337983546,34.6548169289609,Norte,0,7.666666666666667,7
Xochimilco,118,0.9404649417799037,0.024313691819656282,429332.0,39648,3355648.365797577,9234.811288233814,9,13,28.641068393051366,0.2523904035786916,0.0001263672736806,18.104450261780105,34.6548169289609,Sur,2,15.166666666666666,17
Álvaro Obregón,197,0.957353070960192,0.014387294100582294,758982.0,120170,10297142.524586875,15833.050059158188,9,10,28.774592925388863,0.1987809476966119,0.0002014375205333,14.202989269289729,23.788707204905467,Centro,1,11.666666666666666,13
